,Question,Answer,User_question,TF-IDF,BOW,Classifier
0,"
Что такое «ковидная амнистия»? 
","
                                        С 1 июня жители, индивидуальные предприниматели и юридические лица могут вернуть оплаченные штрафы за нарушение масочного режима на транспорте. А все неоплаченные штрафы – аннулируются. Соответствующее решение принял мэр Москвы Сергей Собянин.
                                    ",Что такое ковидная амнистия?,"
                                        С 1 июня жители, индивидуальные предприниматели и юридические лица могут вернуть оплаченные штрафы за нарушение масочного режима на транспорте. А все неоплаченные штрафы – аннулируются. Соответствующее решение принял мэр Москвы Сергей Собянин.
                                    ","
                                        С 1 июня жители, индивидуальные предприниматели и юридические лица могут вернуть оплаченные штрафы за нарушение масочного режима на транспорте. А все неоплаченные штрафы – аннулируются. Соответствующее решение принял мэр Москвы Сергей Собянин.
                                    ","
                                        С 1 июня жители, индивидуальные предприниматели и юридические лица могут вернуть оплаченные штрафы за нарушение масочного режима на транспорте. А все неоплаченные штрафы – аннулируются. Соответствующее решение принял мэр Москвы Сергей Собянин.
                                    "
1,"
Можно ли осуществлять фотосъёмку на территории метрополитена? Как получить официальное разрешение на фотосъемку и сколько это стоит? 
","
Фотосъёмка без использования штатива, осветительных приборов и другого стационарного оборудования в Московском метрополитене не запрещена и разрешение, соответственно, не требуется.
При проведении фотосъёмки запрещено находиться на пути пассажирских потоков, заходить за ограничительную линию на платформе, использовать фотовспышку при съёмке подвижного состава во избежание ослепления машиниста. Фотограф должен беспрекословно выполнять указания работников метрополитена и полиции.
Для проведения съёмки с использованием стационарного оборудования требуется письменное разрешение администрации ГУП «Московский метрополитен». Для его оформления необходимо направить письмо на почту info@mosmetro.ru и/или pressa@mosmetro.ru на имя начальника Московского метрополитена Козловского Виктора Николаевича с указанием цели съёмок, даты, времени и места проведения съёмок (станции), используемого оборудования и ответственного лица от съёмочной группы.
Фотосъёмка с использованием стационарного оборудования на территории метрополитена осуществляется на договорной основе.
",Могу ли я снимать на территории метрополитена? как мне получить разрешение?,"
Фотосъёмка без использования штатива, осветительных приборов и другого стационарного оборудования в Московском метрополитене не запрещена и разрешение, соответственно, не требуется.
При проведении фотосъёмки запрещено находиться на пути пассажирских потоков, заходить за ограничительную линию на платформе, использовать фотовспышку при съёмке подвижного состава во избежание ослепления машиниста. Фотограф должен беспрекословно выполнять указания работников метрополитена и полиции.
Для проведения съёмки с использованием стационарного оборудования требуется письменное разрешение администрации ГУП «Московский метрополитен». Для его оформления необходимо направить письмо на почту info@mosmetro.ru и/или pressa@mosmetro.ru на имя начальника Московского метрополитена Козловского Виктора Николаевича с указанием цели съёмок, даты, времени и места проведения съёмок (станции), используемого оборудования и ответственного лица от съёмочной группы.
Фотосъёмка с использованием стационарного оборудования на территории метрополитена осуществляется на договорной основе.
","
Фотосъёмка без использования штатива, осветительных приборов и другого стационарного оборудования в Московском метрополитене не запрещена и разрешение, соответственно, не требуется.
При проведении фотосъёмки запрещено находиться на пути пассажирских потоков, заходить за ограничительную линию на платформе, использовать фотовспышку при съёмке подвижного состава во избежание ослепления машиниста. Фотограф должен беспрекословно выполнять указания работников метрополитена и полиции.
Для проведения съёмки с использованием стационарного оборудования требуется письменное разрешение администрации ГУП «Московский метрополитен». Для его оформления необходимо направить письмо на почту info@mosmetro.ru и/или pressa@mosmetro.ru на имя начальника Московского метрополитена Козловского Виктора Николаевича с указанием цели съёмок, даты, времени и места проведения съёмок (станции), используемого оборудования и ответственного лица от съёмочной группы.
Фотосъёмка с использованием стационарного оборудования на территории метрополитена осуществляется на договорной основе.
","
Фотосъёмка без использования штатива, осветительных приборов и другого стационарного оборудования в Московском метрополитене не запрещена и разрешение, соответственно, не требуется.
При проведении фотосъёмки запрещено находиться на пути пассажирских потоков, заходить за ограничительную линию на платформе, использовать фотовспышку при съёмке подвижного состава во избежание ослепления машиниста. Фотограф должен беспрекословно выполнять указания работников метрополитена и полиции.
Для проведения съёмки с использованием стационарного оборудования требуется письменное разрешение администрации ГУП «Московский метрополитен». Для его оформления необходимо направить письмо на почту info@mosmetro.ru и/или pressa@mosmetro.ru на имя начальника Московского метрополитена Козловского Виктора Николаевича с указанием цели съёмок, даты, времени и места проведения съёмок (станции), используемого оборудования и ответственного лица от съёмочной группы.
Фотосъёмка с использованием стационарного оборудования на территории метрополитена осуществляется на договорной основе.
"
2,"
Существуют ли ограничения по суммам платежа? 
","
Разовое пополнение баланса карты Тройка:

минимальная сумма разового пополнения 50 ₽;
максимальная сумма разового пополнения 1000 ₽;
итоговый баланс карты Тройка не должен превышать 3000 ₽

 
Кроме того, учитывается количество списаний с банковской карты. Их может быть не более 10 в месяц.
",есть ли ограничения по сумме платежа?,"
Разовое пополнение баланса карты Тройка:

минимальная сумма разового пополнения 50 ₽;
максимальная сумма разового пополнения 1000 ₽;
итоговый баланс карты Тройка не должен превышать 3000 ₽

 
Кроме того, учитывается количество списаний с банковской карты. Их может быть не более 10 в месяц.
","
Разовое пополнение баланса карты Тройка:

минимальная сумма разового пополнения 50 ₽;
максимальная сумма разового пополнения 1000 ₽;
итоговый баланс карты Тройка не должен превышать 3000 ₽

 
Кроме того, учитывается количество списаний с банковской карты. Их может быть не более 10 в месяц.
","
Разовое пополнение баланса карты Тройка:

минимальная сумма разового пополнения 50 ₽;
максимальная сумма разового пополнения 1000 ₽;
итоговый баланс карты Тройка не должен превышать 3000 ₽

 
Кроме того, учитывается количество списаний с банковской карты. Их может быть не более 10 в месяц.
"
3,"
Действует ли задержка второго прохода на электричку по абонементу, записанному на карту  «Тройка»? 
","
Да. Повторно воспользоваться абонементом на электричку, записанным на карту «Тройка», в том же направлении можно только через 40 минут.
",Есть ли задержка второго прохода на электричку по абонементу?,"
Да. Повторно воспользоваться абонементом на электричку, записанным на карту «Тройка», в том же направлении можно только через 40 минут.
","
Да. Повторно воспользоваться абонементом на электричку, записанным на карту «Тройка», в том же направлении можно только через 40 минут.
","
Да. Повторно воспользоваться абонементом на электричку, записанным на карту «Тройка», в том же направлении можно только через 40 минут.
"
4,"
Откуда будут списываться средства в первую очередь: с билета или денежных средств (фиксированного тарифа), записанных на карту «Тройка»? 
","
Если на карту «записан» проездной билет, то сначала всегда срабатывает билет.
Если на карте «Тройка» не «записан» билет, то карта выбирает тариф автоматически, например, при проезде на метро, монорельсе и МЦК спишется 50 ₽, на наземном городском транспорте  - 50 ₽, если  один проход на метро и неограниченное количество проходов на наземном транспорте уложились в 90 минут, с карты спишется всего 75 ₽
По окончании действия проездного карта вновь будет работать по фиксированным тарифам билета «Кошелек» карты «Тройка» при наличии достаточного количества средств на балансе.
Если на карту «Тройка» записан «Единый», то при проезде на наземном транспорте спишется одна поездка с вашего проездного «Единый»,  а не 50 ₽ с тарифа  за поездку на наземном транспорте.
Если у Вас записаны одновременно «Единый» и ТАТ, в наземном транспорте всегда сработает сначала ТАТ, в метро –сначала «Единый».
Если нет записанного ТАТ, то списываются поездки с билета «Единый». Если карта не находит ни одного записанного билета, то она проверяет наличие денег на балансе билета Кошелек» карты и списывает средства по фиксированным тарифам карты «Тройка» за 1 поездку (1 поездка на ТАТ – 50 ₽).
","откуда сначала списываются средства, с билета или денежных средств?","
Если на карту «записан» проездной билет, то сначала всегда срабатывает билет.
Если на карте «Тройка» не «записан» билет, то карта выбирает тариф автоматически, например, при проезде на метро, монорельсе и МЦК спишется 50 ₽, на наземном городском транспорте  - 50 ₽, если  один проход на метро и неограниченное количество проходов на наземном транспорте уложились в 90 минут, с карты спишется всего 75 ₽
По окончании действия проездного карта вновь будет работать по фиксированным тарифам билета «Кошелек» карты «Тройка» при наличии достаточного количества средств на балансе.
Если на карту «Тройка» записан «Единый», то при проезде на наземном транспорте спишется одна поездка с вашего проездного «Единый»,  а не 50 ₽ с тарифа  за поездку на наземном транспорте.
Если у Вас записаны одновременно «Единый» и ТАТ, в наземном транспорте всегда сработает сначала ТАТ, в метро –сначала «Единый».
Если нет записанного ТАТ, то списываются поездки с билета «Единый». Если карта не находит ни одного записанного билета, то она проверяет наличие денег на балансе билета Кошелек» карты и списывает средства по фиксированным тарифам карты «Тройка» за 1 поездку (1 поездка на ТАТ – 50 ₽).
","
Если на карту «записан» проездной билет, то сначала всегда срабатывает билет.
Если на карте «Тройка» не «записан» билет, то карта выбирает тариф автоматически, например, при проезде на метро, монорельсе и МЦК спишется 50 ₽, на наземном городском транспорте  - 50 ₽, если  один проход на метро и неограниченное количество проходов на наземном транспорте уложились в 90 минут, с карты спишется всего 75 ₽
По окончании действия проездного карта вновь будет работать по фиксированным тарифам билета «Кошелек» карты «Тройка» при наличии достаточного количества средств на балансе.
Если на карту «Тройка» записан «Единый», то при проезде на наземном транспорте спишется одна поездка с вашего проездного «Единый»,  а не 50 ₽ с тарифа  за поездку на наземном транспорте.
Если у Вас записаны одновременно «Единый» и ТАТ, в наземном транспорте всегда сработает сначала ТАТ, в метро –сначала «Единый».
Если нет записанного ТАТ, то списываются поездки с билета «Единый». Если карта не находит ни одного записанного билета, то она проверяет наличие денег на балансе билета Кошелек» карты и списывает средства по фиксированным тарифам карты «Тройка» за 1 поездку (1 поездка на ТАТ – 50 ₽).
","
Если на карту «записан» проездной билет, то сначала всегда срабатывает билет.
Если на карте «Тройка» не «записан» билет, то карта выбирает тариф автоматически, например, при проезде на метро, монорельсе и МЦК спишется 50 ₽, на наземном городском транспорте  - 50 ₽, если  один проход на метро и неограниченное количество проходов на наземном транспорте уложились в 90 минут, с карты спишется всего 75 ₽
По окончании действия проездного карта вновь будет работать по фиксированным тарифам билета «Кошелек» карты «Тройка» при наличии достаточного количества средств на балансе.
Если на карту «Тройка» записан «Единый», то при проезде на наземном транспорте спишется одна поездка с вашего проездного «Единый»,  а не 50 ₽ с тарифа  за поездку на наземном транспорте.
Если у Вас записаны одновременно «Единый» и ТАТ, в наземном транспорте всегда сработает сначала ТАТ, в метро –сначала «Единый».
Если нет записанного ТАТ, то списываются поездки с билета «Единый». Если карта не находит ни одного записанного билета, то она проверяет наличие денег на балансе билета Кошелек» карты и списывает средства по фиксированным тарифам карты «Тройка» за 1 поездку (1 поездка на ТАТ – 50 ₽).
"
5,"
Что такое тариф «90 минут»? 
","
Тариф «90 минут» проездного билета «Кошелек» карты «Тройка» с возможностью совершения в течение 90 минут неограниченного количества поездок с пересадками на маршрутах наземного городского пассажирского транспорта и возможностью совершения одной поездки в Московском метрополитене или участках МЦК.
",что такое тариф 90 минут?,"
Тариф «90 минут» проездного билета «Кошелек» карты «Тройка» с возможностью совершения в течение 90 минут неограниченного количества поездок с пересадками на маршрутах наземного городского пассажирского транспорта и возможностью совершения одной поездки в Московском метрополитене или участках МЦК.
","
Тариф «90 минут» проездного билета «Кошелек» карты «Тройка» с возможностью совершения в течение 90 минут неограниченного количества поездок с пересадками на маршрутах наземного городского пассажирского транспорта и возможностью совершения одной поездки в Московском метрополитене или участках МЦК.
","
Тариф «90 минут» проездного билета «Кошелек» карты «Тройка» с возможностью совершения в течение 90 минут неограниченного количества поездок с пересадками на маршрутах наземного городского пассажирского транспорта и возможностью совершения одной поездки в Московском метрополитене или участках МЦК.
"
7,"
Как выглядит NFC SIM карта? 
","
Внешний вид NFC SIM-карты не отличается от обычной SIM-карты. Сама SIM-карта с тройной вырубкой 2FF/3FF/4FF (стандартный размер/микро/нано), что позволяет выбрать для Вашего телефона подходящий размер карты. В телефон NFC SIM-карта устанавливается также как и обычная SIM-карта, специальных действий не требуется.
",как выглядит sim карта с nfc?,"
Внешний вид NFC SIM-карты не отличается от обычной SIM-карты. Сама SIM-карта с тройной вырубкой 2FF/3FF/4FF (стандартный размер/микро/нано), что позволяет выбрать для Вашего телефона подходящий размер карты. В телефон NFC SIM-карта устанавливается также как и обычная SIM-карта, специальных действий не требуется.
","
Внешний вид NFC SIM-карты не отличается от обычной SIM-карты. Сама SIM-карта с тройной вырубкой 2FF/3FF/4FF (стандартный размер/микро/нано), что позволяет выбрать для Вашего телефона подходящий размер карты. В телефон NFC SIM-карта устанавливается также как и обычная SIM-карта, специальных действий не требуется.
","
Внешний вид NFC SIM-карты не отличается от обычной SIM-карты. Сама SIM-карта с тройной вырубкой 2FF/3FF/4FF (стандартный размер/микро/нано), что позволяет выбрать для Вашего телефона подходящий размер карты. В телефон NFC SIM-карта устанавливается также как и обычная SIM-карта, специальных действий не требуется.
"
8,"
Почему новая билетная система стимулирует пассажиров к покупке более длинных билетов? 
","
«Длинные» билеты удобнее и пассажирам, и метрополитену. Они предполагают бОльшие скидки и срок их использования, что компенсирует необходимость предоплаты. Все деньги, собираемые городом за проезд в общественном транспорте, идут на содержание общественного транспорта, а также вкладываются в развитие его инфраструктуры, обновление транспортного парка, внедрение новых сервисов и т.д.
",как новая билетная система стимулирует покупать более длинные билеты?,"
«Длинные» билеты удобнее и пассажирам, и метрополитену. Они предполагают бОльшие скидки и срок их использования, что компенсирует необходимость предоплаты. Все деньги, собираемые городом за проезд в общественном транспорте, идут на содержание общественного транспорта, а также вкладываются в развитие его инфраструктуры, обновление транспортного парка, внедрение новых сервисов и т.д.
","
«Длинные» билеты удобнее и пассажирам, и метрополитену. Они предполагают бОльшие скидки и срок их использования, что компенсирует необходимость предоплаты. Все деньги, собираемые городом за проезд в общественном транспорте, идут на содержание общественного транспорта, а также вкладываются в развитие его инфраструктуры, обновление транспортного парка, внедрение новых сервисов и т.д.
","
«Длинные» билеты удобнее и пассажирам, и метрополитену. Они предполагают бОльшие скидки и срок их использования, что компенсирует необходимость предоплаты. Все деньги, собираемые городом за проезд в общественном транспорте, идут на содержание общественного транспорта, а также вкладываются в развитие его инфраструктуры, обновление транспортного парка, внедрение новых сервисов и т.д.
"
9,"
Полагаются ли льготы ветеранам ВОВ и лицам, к ним приравненным? 
","
Право на получение резидентного парковочного разрешения с отметкой о льготе имеют следующие категории граждан:

участники ВОВ
участники обороны Москвы
несовершеннолетние узники концлагерей, гетто и других мест принудительного заключения 
Герои Советского Союза
Герои Российской Федерации
Полные кавалеры ордена Славы
Герои Социалистического Труда
Герои Труда Российской Федерации
Полные кавалеры ордена трудовой Славы

Если резидент относится к вышеуказанным категориям, то он имеет право оформить льготное парковочное разрешение резидента — не более 1-го разрешения на одну квартиру. Такое резидентное парковочное разрешение дает право бесплатной круглосуточной парковки в пределах всей зоны платных парковок. 
ВАЖНО! При оформлении резидентного разрешения гражданином льготной категории необходимо поставить «галочку» в соответствующей графе о наличии льготы.
Если резидент принадлежит к льготной категории граждан и владеет долей в собственности, то согласие других собственников для него не требуется. Другие владельцы жилого помещения по-прежнему имеют право на получение резидентного разрешения — не более 2-х на одну квартиру.
",полагаются ли льготы ветеранам ВОВ?,"
Право на получение резидентного парковочного разрешения с отметкой о льготе имеют следующие категории граждан:

участники ВОВ
участники обороны Москвы
несовершеннолетние узники концлагерей, гетто и других мест принудительного заключения 
Герои Советского Союза
Герои Российской Федерации
Полные кавалеры ордена Славы
Герои Социалистического Труда
Герои Труда Российской Федерации
Полные кавалеры ордена трудовой Славы

Если резидент относится к вышеуказанным категориям, то он имеет право оформить льготное парковочное разрешение резидента — не более 1-го разрешения на одну квартиру. Такое резидентное парковочное разрешение дает право бесплатной круглосуточной парковки в пределах всей зоны платных парковок. 
ВАЖНО! При оформлении резидентного разрешения гражданином льготной категории необходимо поставить «галочку» в соответствующей графе о наличии льготы.
Если резидент принадлежит к льготной категории граждан и владеет долей в собственности, то согласие других собственников для него не требуется. Другие владельцы жилого помещения по-прежнему имеют право на получение резидентного разрешения — не более 2-х на одну квартиру.
","
Право на получение резидентного парковочного разрешения с отметкой о льготе имеют следующие категории граждан:

участники ВОВ
участники обороны Москвы
несовершеннолетние узники концлагерей, гетто и других мест принудительного заключения 
Герои Советского Союза
Герои Российской Федерации
Полные кавалеры ордена Славы
Герои Социалистического Труда
Герои Труда Российской Федерации
Полные кавалеры ордена трудовой Славы

Если резидент относится к вышеуказанным категориям, то он имеет право оформить льготное парковочное разрешение резидента — не более 1-го разрешения на одну квартиру. Такое резидентное парковочное разрешение дает право бесплатной круглосуточной парковки в пределах всей зоны платных парковок. 
ВАЖНО! При оформлении резидентного разрешения гражданином льготной категории необходимо поставить «галочку» в соответствующей графе о наличии льготы.
Если резидент принадлежит к льготной категории граждан и владеет долей в собственности, то согласие других собственников для него не требуется. Другие владельцы жилого помещения по-прежнему имеют право на получение резидентного разрешения — не более 2-х на одну квартиру.
","
Право на получение резидентного парковочного разрешения с отметкой о льготе имеют следующие категории граждан:

участники ВОВ
участники обороны Москвы
несовершеннолетние узники концлагерей, гетто и других мест принудительного заключения 
Герои Советского Союза
Герои Российской Федерации
Полные кавалеры ордена Славы
Герои Социалистического Труда
Герои Труда Российской Федерации
Полные кавалеры ордена трудовой Славы

Если резидент относится к вышеуказанным категориям, то он имеет право оформить льготное парковочное разрешение резидента — не более 1-го разрешения на одну квартиру. Такое резидентное парковочное разрешение дает право бесплатной круглосуточной парковки в пределах всей зоны платных парковок. 
ВАЖНО! При оформлении резидентного разрешения гражданином льготной категории необходимо поставить «галочку» в соответствующей графе о наличии льготы.
Если резидент принадлежит к льготной категории граждан и владеет долей в собственности, то согласие других собственников для него не требуется. Другие владельцы жилого помещения по-прежнему имеют право на получение резидентного разрешения — не более 2-х на одну квартиру.
"
10,"
Обязательно ли резиденту получать на руки уведомление о внесении его данных в реестр? 
","
Нет, не обязательно. Уведомление лишь является подтверждением, что резидента не будут штрафовать за неоплату парковки на улицах пилота в ночное время. Оно может быть, по выбору резидента, получено либо по почте, либо по e-mail, либо в его личном кабинете на сайте pgu.mos.ru.
",обязательно ли получать резиденту уведомление о внесении его данных в реестр?,"
Нет, не обязательно. Уведомление лишь является подтверждением, что резидента не будут штрафовать за неоплату парковки на улицах пилота в ночное время. Оно может быть, по выбору резидента, получено либо по почте, либо по e-mail, либо в его личном кабинете на сайте pgu.mos.ru.
","
Нет, не обязательно. Уведомление лишь является подтверждением, что резидента не будут штрафовать за неоплату парковки на улицах пилота в ночное время. Оно может быть, по выбору резидента, получено либо по почте, либо по e-mail, либо в его личном кабинете на сайте pgu.mos.ru.
","
Нет, не обязательно. Уведомление лишь является подтверждением, что резидента не будут штрафовать за неоплату парковки на улицах пилота в ночное время. Оно может быть, по выбору резидента, получено либо по почте, либо по e-mail, либо в его личном кабинете на сайте pgu.mos.ru.
"
11,"
Как вернуть велосипед? 
","
Вставьте велосипед в любой свободный замок. Продвиньте велосипед как можно глубже в замок, до момента защелкивания блокиратора. Убедитесь, что велосипед заблокирован правильно. Внимание: в случае поломки велосипеда в процессе поездки необходимо связаться с службой технической поддержки по тел.: +7 495 956 82 86
",как вернуть велосипед?,"
Вставьте велосипед в любой свободный замок. Продвиньте велосипед как можно глубже в замок, до момента защелкивания блокиратора. Убедитесь, что велосипед заблокирован правильно. Внимание: в случае поломки велосипеда в процессе поездки необходимо связаться с службой технической поддержки по тел.: +7 495 956 82 86
","
Вставьте велосипед в любой свободный замок. Продвиньте велосипед как можно глубже в замок, до момента защелкивания блокиратора. Убедитесь, что велосипед заблокирован правильно. Внимание: в случае поломки велосипеда в процессе поездки необходимо связаться с службой технической поддержки по тел.: +7 495 956 82 86
","
Вставьте велосипед в любой свободный замок. Продвиньте велосипед как можно глубже в замок, до момента защелкивания блокиратора. Убедитесь, что велосипед заблокирован правильно. Внимание: в случае поломки велосипеда в процессе поездки необходимо связаться с службой технической поддержки по тел.: +7 495 956 82 86
"
12,"
Сколько стоит? 
","
Стоимость аренды отличается в зависимости от выбранного оператора, а также класса автомобиля и в среднем составляет 8-10 ₽ за минуту аренды и 2-4 ₽ за минуту в режиме ожидания.
",Сколько стоит?,"
Стоимость аренды отличается в зависимости от выбранного оператора, а также класса автомобиля и в среднем составляет 8-10 ₽ за минуту аренды и 2-4 ₽ за минуту в режиме ожидания.
","
Стоимость аренды отличается в зависимости от выбранного оператора, а также класса автомобиля и в среднем составляет 8-10 ₽ за минуту аренды и 2-4 ₽ за минуту в режиме ожидания.
","
Стоимость аренды отличается в зависимости от выбранного оператора, а также класса автомобиля и в среднем составляет 8-10 ₽ за минуту аренды и 2-4 ₽ за минуту в режиме ожидания.
"
13,"
На что будет влиять рейтинг водителя в системе? 
","
                                        Рейтинг водителя будет влиять на принятие решения работодателя при выборе кандидатуры на должность водителя, его общий рейтинг, а также комментарии (отзывы) других парков о данном водителе.
                                    ",на что влияет рейтинг водителя ?,"
                                        Рейтинг водителя будет влиять на принятие решения работодателя при выборе кандидатуры на должность водителя, его общий рейтинг, а также комментарии (отзывы) других парков о данном водителе.
                                    ","
                                        Рейтинг водителя будет влиять на принятие решения работодателя при выборе кандидатуры на должность водителя, его общий рейтинг, а также комментарии (отзывы) других парков о данном водителе.
                                    ","
                                        Рейтинг водителя будет влиять на принятие решения работодателя при выборе кандидатуры на должность водителя, его общий рейтинг, а также комментарии (отзывы) других парков о данном водителе.
                                    "
14,"
Какую информацию о водителях получат пассажиры из системы КИС АРТ? 
","
                                        Пассажиры не будут получать информацию о водителях.
                                    ",какую информацию о водителях получают пассажиры в системе КИС АРТ,"
                                        Пассажиры не будут получать информацию о водителях.
                                    ","
                                        Пассажиры не будут получать информацию о водителях.
                                    ","
                                        Пассажиры не будут получать информацию о водителях.
                                    "
15,"
Какая максимальная разрешенная скорость? 
","
                                        Для электросамокатов действует ограничение скорости до 25 км/ч на территории города, а также ограничение от 5 до 15 км/ч в «медленных зонах»
                                    ",какая максимальная скорость разрешена,"
                                        Для электросамокатов действует ограничение скорости до 25 км/ч на территории города, а также ограничение от 5 до 15 км/ч в «медленных зонах»
                                    ","
                                        Для электросамокатов действует ограничение скорости до 25 км/ч на территории города, а также ограничение от 5 до 15 км/ч в «медленных зонах»
                                    ","
                                        Для электросамокатов действует ограничение скорости до 25 км/ч на территории города, а также ограничение от 5 до 15 км/ч в «медленных зонах»
                                    "
16,"
Сколько водителей, транспортных средств и точек разгрузки/погрузки может быть в одной заявке? Есть ли ограничения? 
","
                                        Ограничений по количеству водителей, транспортных средств и точек разгрузки/погрузки нет. Существует только портальное ограничение по объему прилагаемых документов  максимальный размер одного файла не может превышать 85 Мб.
                                    ","сколько в одной заявке может быть водителей, трансопртных средств и точек разгрузки. какие есть ограничения?","
                                        Ограничений по количеству водителей, транспортных средств и точек разгрузки/погрузки нет. Существует только портальное ограничение по объему прилагаемых документов  максимальный размер одного файла не может превышать 85 Мб.
                                    ","
                                        Ограничений по количеству водителей, транспортных средств и точек разгрузки/погрузки нет. Существует только портальное ограничение по объему прилагаемых документов  максимальный размер одного файла не может превышать 85 Мб.
                                    ","
                                        Ограничений по количеству водителей, транспортных средств и точек разгрузки/погрузки нет. Существует только портальное ограничение по объему прилагаемых документов  максимальный размер одного файла не может превышать 85 Мб.
                                    "
17,"
Если перевозка осуществляется собственным транспортом в 96 собственных магазинов. Какие документы подавать? 
","
                                        Заявитель из числа юридических лиц и индивидуальных предпринимателей вправе представить иные документы, подтверждающие необходимость осуществления грузовых перевозок, по собственной инициативе  любые документы подтверждающие необходимость осуществления перевозок в зоне ограничения: правоустанавливающие документы, подтверждающие осуществление заявленной деятельности; договоры собственности или аренды торговых, складских, производственных площадей; договоры с поставщиками и т.д.
                                    ","какие документы подавать, если перевозка осуществляется собственным транспортом в 96 собственных магазинов","
                                        Заявитель из числа юридических лиц и индивидуальных предпринимателей вправе представить иные документы, подтверждающие необходимость осуществления грузовых перевозок, по собственной инициативе  любые документы подтверждающие необходимость осуществления перевозок в зоне ограничения: правоустанавливающие документы, подтверждающие осуществление заявленной деятельности; договоры собственности или аренды торговых, складских, производственных площадей; договоры с поставщиками и т.д.
                                    ","
                                        Заявитель из числа юридических лиц и индивидуальных предпринимателей вправе представить иные документы, подтверждающие необходимость осуществления грузовых перевозок, по собственной инициативе  любые документы подтверждающие необходимость осуществления перевозок в зоне ограничения: правоустанавливающие документы, подтверждающие осуществление заявленной деятельности; договоры собственности или аренды торговых, складских, производственных площадей; договоры с поставщиками и т.д.
                                    ","
                                        Заявитель из числа юридических лиц и индивидуальных предпринимателей вправе представить иные документы, подтверждающие необходимость осуществления грузовых перевозок, по собственной инициативе  любые документы подтверждающие необходимость осуществления перевозок в зоне ограничения: правоустанавливающие документы, подтверждающие осуществление заявленной деятельности; договоры собственности или аренды торговых, складских, производственных площадей; договоры с поставщиками и т.д.
                                    "
19,"
Из-за чего аннулируют пропуска? 
","
Основными причинами является:

лишение права управления транспортным средством заявителя, либо водителя, указанного в запросе;
выявлением случаев систематического (более двух раз) нарушения ПДД РФ (не зависит от своевременности оплаты соответствующих штрафов);
наличие у владельца либо водителя не погашенной задолженности по оплате штрафа за несоблюдение требований, предписанных дорожными знаками, запрещающими движение грузовых автотранспортных средств;
неуведомление заявителем из числа юридических лиц или индивидуальных предпринимателей Ространснадзора о начале осуществления деятельности по предоставлению услуг по перевозкам грузов автомобильным транспортом;
прекращение деятельности (ликвидация) лица, подавшего запрос о предоставлении государственных услуг, или контрагентов, указанных в приложенных к запросу договорах, подтверждающих необходимость осуществления грузовой перевозки;
выявление фактов представления заявителем для предоставления государственных услуг документов, содержащих заведомо недостоверные сведения;
выявление фактов отклонения грузового автотранспортного средства от маршрутов движения, несоблюдения периодичности или объема перевозок, заявленных в запросе о предоставлении государственных услуг;
получение от УГИБДД ГУ МВД России по г. Москве сведений об изменении государственного регистрационного знака или собственника грузового автотранспортного средства.

",из-за чего могут аннулировать пропуск?,"
Основными причинами является:

лишение права управления транспортным средством заявителя, либо водителя, указанного в запросе;
выявлением случаев систематического (более двух раз) нарушения ПДД РФ (не зависит от своевременности оплаты соответствующих штрафов);
наличие у владельца либо водителя не погашенной задолженности по оплате штрафа за несоблюдение требований, предписанных дорожными знаками, запрещающими движение грузовых автотранспортных средств;
неуведомление заявителем из числа юридических лиц или индивидуальных предпринимателей Ространснадзора о начале осуществления деятельности по предоставлению услуг по перевозкам грузов автомобильным транспортом;
прекращение деятельности (ликвидация) лица, подавшего запрос о предоставлении государственных услуг, или контрагентов, указанных в приложенных к запросу договорах, подтверждающих необходимость осуществления грузовой перевозки;
выявление фактов представления заявителем для предоставления государственных услуг документов, содержащих заведомо недостоверные сведения;
выявление фактов отклонения грузового автотранспортного средства от маршрутов движения, несоблюдения периодичности или объема перевозок, заявленных в запросе о предоставлении государственных услуг;
получение от УГИБДД ГУ МВД России по г. Москве сведений об изменении государственного регистрационного знака или собственника грузового автотранспортного средства.

","
Основными причинами является:

лишение права управления транспортным средством заявителя, либо водителя, указанного в запросе;
выявлением случаев систематического (более двух раз) нарушения ПДД РФ (не зависит от своевременности оплаты соответствующих штрафов);
наличие у владельца либо водителя не погашенной задолженности по оплате штрафа за несоблюдение требований, предписанных дорожными знаками, запрещающими движение грузовых автотранспортных средств;
неуведомление заявителем из числа юридических лиц или индивидуальных предпринимателей Ространснадзора о начале осуществления деятельности по предоставлению услуг по перевозкам грузов автомобильным транспортом;
прекращение деятельности (ликвидация) лица, подавшего запрос о предоставлении государственных услуг, или контрагентов, указанных в приложенных к запросу договорах, подтверждающих необходимость осуществления грузовой перевозки;
выявление фактов представления заявителем для предоставления государственных услуг документов, содержащих заведомо недостоверные сведения;
выявление фактов отклонения грузового автотранспортного средства от маршрутов движения, несоблюдения периодичности или объема перевозок, заявленных в запросе о предоставлении государственных услуг;
получение от УГИБДД ГУ МВД России по г. Москве сведений об изменении государственного регистрационного знака или собственника грузового автотранспортного средства.

","
Основными причинами является:

лишение права управления транспортным средством заявителя, либо водителя, указанного в запросе;
выявлением случаев систематического (более двух раз) нарушения ПДД РФ (не зависит от своевременности оплаты соответствующих штрафов);
наличие у владельца либо водителя не погашенной задолженности по оплате штрафа за несоблюдение требований, предписанных дорожными знаками, запрещающими движение грузовых автотранспортных средств;
неуведомление заявителем из числа юридических лиц или индивидуальных предпринимателей Ространснадзора о начале осуществления деятельности по предоставлению услуг по перевозкам грузов автомобильным транспортом;
прекращение деятельности (ликвидация) лица, подавшего запрос о предоставлении государственных услуг, или контрагентов, указанных в приложенных к запросу договорах, подтверждающих необходимость осуществления грузовой перевозки;
выявление фактов представления заявителем для предоставления государственных услуг документов, содержащих заведомо недостоверные сведения;
выявление фактов отклонения грузового автотранспортного средства от маршрутов движения, несоблюдения периодичности или объема перевозок, заявленных в запросе о предоставлении государственных услуг;
получение от УГИБДД ГУ МВД России по г. Москве сведений об изменении государственного регистрационного знака или собственника грузового автотранспортного средства.

"
20,"
Являемся крупным международным перевозчиком. Маршруты длинные. Как можно оформить годовой пропуск, если не успевает машина зайти 4 раза в месяц? 
","
                                        Для осуществления грузовых перевозок автотранспортными средствами, на которые распространяется действие международных договоров, Постановлением № 379-ПП предусмотрено предоставление только государственной услуги «Внесение в Реестр действующих пропусков, предоставляющих право на въезд и передвижение грузового автотранспорта в зонах ограничения его движения в городе Москве, сведений об оформленных разовых пропусках».
                                    ","как оформить годовой пропуск, если машина не успевает зайти 4 раза в месяц?","
                                        Для осуществления грузовых перевозок автотранспортными средствами, на которые распространяется действие международных договоров, Постановлением № 379-ПП предусмотрено предоставление только государственной услуги «Внесение в Реестр действующих пропусков, предоставляющих право на въезд и передвижение грузового автотранспорта в зонах ограничения его движения в городе Москве, сведений об оформленных разовых пропусках».
                                    ","
                                        Для осуществления грузовых перевозок автотранспортными средствами, на которые распространяется действие международных договоров, Постановлением № 379-ПП предусмотрено предоставление только государственной услуги «Внесение в Реестр действующих пропусков, предоставляющих право на въезд и передвижение грузового автотранспорта в зонах ограничения его движения в городе Москве, сведений об оформленных разовых пропусках».
                                    ","
                                        Для осуществления грузовых перевозок автотранспортными средствами, на которые распространяется действие международных договоров, Постановлением № 379-ПП предусмотрено предоставление только государственной услуги «Внесение в Реестр действующих пропусков, предоставляющих право на въезд и передвижение грузового автотранспорта в зонах ограничения его движения в городе Москве, сведений об оформленных разовых пропусках».
                                    "
22,"
Если в пропуске прописаны маршруты с несколькими адресами выгрузки, обязательно ли при въезде в Москву следовать полному маршруту? 
","
                                        Движение транспортного средства должно осуществляться в соответствии с информацией, указанной в договоре перевозки (маршруты, периодичность, объемы). Отклонение от маршрутов, несоблюдения периодичности или объема перевозок, заявленных в запросе, является основанием для аннулирования пропуска.
                                    ","Обязательно ли следовать полному маршруту при въезде в москву, если прописаны маршруты с несколькими адресами","
                                        Движение транспортного средства должно осуществляться в соответствии с информацией, указанной в договоре перевозки (маршруты, периодичность, объемы). Отклонение от маршрутов, несоблюдения периодичности или объема перевозок, заявленных в запросе, является основанием для аннулирования пропуска.
                                    ","
                                        Движение транспортного средства должно осуществляться в соответствии с информацией, указанной в договоре перевозки (маршруты, периодичность, объемы). Отклонение от маршрутов, несоблюдения периодичности или объема перевозок, заявленных в запросе, является основанием для аннулирования пропуска.
                                    ","
                                        Движение транспортного средства должно осуществляться в соответствии с информацией, указанной в договоре перевозки (маршруты, периодичность, объемы). Отклонение от маршрутов, несоблюдения периодичности или объема перевозок, заявленных в запросе, является основанием для аннулирования пропуска.
                                    "
23,"
Почему проект назвали «Московские центральные диаметры»? 
","
                                        Название проекта «Московские центральные диаметры» (МЦД) было определено в рамках единой концепции наземного железнодорожного транспорта и по аналогии с проектом «Московское центральное кольцо» (МЦК). На МЦД реализованы все пассажирские сервисы и услуги, которые доступны пассажирам МЦК и столичного метрополитена. В том числе разработаны единые билетная и навигационная системы. Кроме того, по МЦД курсируют новые современные поезда «Иволга», по качеству перевозок и уровню сервиса не уступающие поездам метрополитена и Московского центрального кольца. Аббревиатура «МЦД» отражает в себе особенности диаметрального движения нового вида городского транспорта, она была выбрана совместным решением Правительства Москвы, Правительства Московской области и ОАО «РЖД».
                                    ",почему проект назван московские центральные диаметры?,"
                                        Название проекта «Московские центральные диаметры» (МЦД) было определено в рамках единой концепции наземного железнодорожного транспорта и по аналогии с проектом «Московское центральное кольцо» (МЦК). На МЦД реализованы все пассажирские сервисы и услуги, которые доступны пассажирам МЦК и столичного метрополитена. В том числе разработаны единые билетная и навигационная системы. Кроме того, по МЦД курсируют новые современные поезда «Иволга», по качеству перевозок и уровню сервиса не уступающие поездам метрополитена и Московского центрального кольца. Аббревиатура «МЦД» отражает в себе особенности диаметрального движения нового вида городского транспорта, она была выбрана совместным решением Правительства Москвы, Правительства Московской области и ОАО «РЖД».
                                    ","
                                        Название проекта «Московские центральные диаметры» (МЦД) было определено в рамках единой концепции наземного железнодорожного транспорта и по аналогии с проектом «Московское центральное кольцо» (МЦК). На МЦД реализованы все пассажирские сервисы и услуги, которые доступны пассажирам МЦК и столичного метрополитена. В том числе разработаны единые билетная и навигационная системы. Кроме того, по МЦД курсируют новые современные поезда «Иволга», по качеству перевозок и уровню сервиса не уступающие поездам метрополитена и Московского центрального кольца. Аббревиатура «МЦД» отражает в себе особенности диаметрального движения нового вида городского транспорта, она была выбрана совместным решением Правительства Москвы, Правительства Московской области и ОАО «РЖД».
                                    ","
                                        Название проекта «Московские центральные диаметры» (МЦД) было определено в рамках единой концепции наземного железнодорожного транспорта и по аналогии с проектом «Московское центральное кольцо» (МЦК). На МЦД реализованы все пассажирские сервисы и услуги, которые доступны пассажирам МЦК и столичного метрополитена. В том числе разработаны единые билетная и навигационная системы. Кроме того, по МЦД курсируют новые современные поезда «Иволга», по качеству перевозок и уровню сервиса не уступающие поездам метрополитена и Московского центрального кольца. Аббревиатура «МЦД» отражает в себе особенности диаметрального движения нового вида городского транспорта, она была выбрана совместным решением Правительства Москвы, Правительства Московской области и ОАО «РЖД».
                                    "
24,"
Как на транспорте борются с вирусными заболеваниями? 
","
Транспорт регулярно проходит санитарные обработки, дополнительно проводится дезинфекция, чтобы он был максимально безопасным в период распространения вирусных заболеваний.
Более подробно о том как транспорт Москвы защищают от вирусов можно узнать тут: https://i.transport.mos.ru/profilaktika
",Как в транспорте борятся с вирусными заболеваниями?,"
Транспорт регулярно проходит санитарные обработки, дополнительно проводится дезинфекция, чтобы он был максимально безопасным в период распространения вирусных заболеваний.
Более подробно о том как транспорт Москвы защищают от вирусов можно узнать тут: https://i.transport.mos.ru/profilaktika
","
Транспорт регулярно проходит санитарные обработки, дополнительно проводится дезинфекция, чтобы он был максимально безопасным в период распространения вирусных заболеваний.
Более подробно о том как транспорт Москвы защищают от вирусов можно узнать тут: https://i.transport.mos.ru/profilaktika
","
Транспорт регулярно проходит санитарные обработки, дополнительно проводится дезинфекция, чтобы он был максимально безопасным в период распространения вирусных заболеваний.
Более подробно о том как транспорт Москвы защищают от вирусов можно узнать тут: https://i.transport.mos.ru/profilaktika
"
